{"guide_loutxw": 7.236909136827689, "guide_mid_height": 0.07242770304915397, "guide_linxw": 73.11127655966307, "guide_linyh": 5.924279652618898, "guide_mid_width": 0.05851273883218753, "guide_loutyh": 1.9432886941931304}
{"guide_loutxw": 15.14638879748301, "guide_mid_height": 0.04747645995322286, "guide_linxw": 38.4981306431142, "guide_linyh": 31.454184837582737, "guide_mid_width": 0.05188725992905576, "guide_loutyh": 9.637738659804427}
{"mid_yh_e2": 0.04477947011918226, "linxw_e2": 52.788709492096196, "loutyh_e1": 1.5800055261099888, "loutyh_e2": 10.665270393577186, "cguide_ma": 1.9214605842992192, "linyh_e1": 6.812927627997546, "cguide_yh": 0.03292114960969132, "cguide_xw": 0.050387937124958, "cguide_mi": 1.2743967000014487, "cguide_length": 3.878320225857385, "mid_xw_e1": 0.06516479035221757, "linyh_e2": 22.591482871643294, "cguide_ms": 1.940008726696257, "cguide_radius": 2373.277791464022, "loutxw_e1": 3.8250785242130836, "loutxw_e2": 62.09100194921135, "linxw_e1": 1.703813952196426, "mid_yh_e1": 0.03799679145878122, "mid_xw_e2": 0.03633047525212621}
