{"guide_loutxw": 7.236909136827689, "guide_mid_height": 0.07242770304915397, "guide_linxw": 73.11127655966307, "guide_linyh": 5.924279652618898, "guide_mid_width": 0.05851273883218753, "guide_loutyh": 1.9432886941931304}
{"guide_loutxw": 15.14638879748301, "guide_mid_height": 0.04747645995322286, "guide_linxw": 38.4981306431142, "guide_linyh": 31.454184837582737, "guide_mid_width": 0.05188725992905576, "guide_loutyh": 9.637738659804427}
{"mid_yh_e2": 0.04477947011918226, "linxw_e2": 52.788709492096196, "loutyh_e1": 1.5800055261099888, "loutyh_e2": 10.665270393577186, "cguide_ma": 1.9214605842992192, "linyh_e1": 6.812927627997546, "cguide_yh": 0.03292114960969132, "cguide_xw": 0.050387937124958, "cguide_mi": 1.2743967000014487, "cguide_length": 3.878320225857385, "mid_xw_e1": 0.06516479035221757, "linyh_e2": 22.591482871643294, "cguide_ms": 1.940008726696257, "cguide_radius": 2373.277791464022, "loutxw_e1": 3.8250785242130836, "loutxw_e2": 62.09100194921135, "linxw_e1": 1.703813952196426, "mid_yh_e1": 0.03799679145878122, "mid_xw_e2": 0.03633047525212621}
{"mid_yh_e2": 0.031083324094500292, "linxw_e2": 28.480305413565592, "loutyh_e1": 472364.0601684428, "loutyh_e2": 37.77859068226442, "cguide_ma": 3.546190169480866, "linyh_e1": 0.4213382334716125, "cguide_yh": 0.010252061802335233, "cguide_xw": 0.06962604084688376, "cguide_mi": 2.874322027459735, "cguide_length": 7.770844941317009, "mid_xw_e1": 0.03731227258060935, "a2_e2": 0.00010125266567522628, "cguide_ms": 3.7706309309433395, "cguide_radius": 2856.435022976577, "a2_e1": 0.0003070213667239367, "loutxw_e1": 230600.94129439566, "loutxw_e2": 58.90190501986217, "linyh_e2": 26.165072880936705, "linxw_e1": 7.929371045517582, "mid_yh_e1": 0.0645639531263716, "mid_xw_e2": 0.053013175288810006}
{"mid_yh_e2": 0.0547028291115389, "linxw_e2": 95.5516724998949, "loutyh_e1": 305.9207731849783, "loutyh_e2": 92.4102421634002, "cguide_ma": 4.331320956001133, "linyh_e1": 9.030335081616203, "cguide_yh": 0.042486526256973335, "cguide_xw": 0.0402621271487541, "cguide_mi": 2.073063022668803, "cguide_length": 7.314634473798034, "mid_xw_e1": 0.0938395108507014, "linyh_e2": 70.56398112878738, "cguide_ms": 3.7229778759797627, "cguide_radius": 2636.031219968353, "loutxw_e1": 578173.086091369, "loutxw_e2": 53.20112904503209, "linxw_e1": 3.7504675678296007, "mid_yh_e1": 0.05209299150092081, "mid_xw_e2": 0.014093087216401234}
{"mid_yh_e2": 0.02928943918438011, "linxw_e2": 71.67178496465475, "loutyh_e1": 2314.0061869699275, "loutyh_e2": 73.27527054926624, "cguide_ma": 1.2967402508121721, "linyh_e1": 7.259543181747561, "cguide_yh": 0.014565493462752644, "cguide_xw": 0.049389283478138486, "cguide_mi": 3.7445710198995545, "cguide_length": 1.4954866780392628, "mid_xw_e1": 0.09991148562689277, "linyh_e2": 81.01091993499054, "cguide_ms": 5.590131987252746, "cguide_radius": 2894.351922502815, "loutxw_e1": 1101.7828186958814, "loutxw_e2": 30.75455278397048, "linxw_e1": 0.9111217117062308, "mid_yh_e1": 0.07515338884273734, "mid_xw_e2": 0.03473967147214346}
{"mid_yh_e2": 0.038197739553814794, "linxw_e2": 74.15432646521889, "loutyh_e1": 133.6632501395813, "loutyh_e2": 8.804603652147305, "cguide_ma": 3.309629150766485, "linyh_e1": 9.698281963758113, "cguide_yh": 0.07586472210893247, "cguide_xw": 0.03900806476991718, "cguide_mi": 4.153508529906514, "cguide_length": 1.0023114185849367, "mid_xw_e1": 0.07975987716673665, "linyh_e2": 30.326763194542405, "cguide_ms": 1.153739174062582, "cguide_radius": 2305.457032997859, "loutxw_e1": 71.38607628275157, "loutxw_e2": 16.863191843381514, "linxw_e1": 4.4752237911433, "mid_yh_e1": 0.04503009019349665, "mid_xw_e2": 0.037781105642567085}
