{"guide_loutxw": 7.236909136827689, "guide_mid_height": 0.07242770304915397, "guide_linxw": 73.11127655966307, "guide_linyh": 5.924279652618898, "guide_mid_width": 0.05851273883218753, "guide_loutyh": 1.9432886941931304}
